{"1013.png": 1.0, "1016.png": 1.0, "1027.png": 1.0, "104.png": 1.0, "1041.png": 1.0, "1043.png": 1.0, "1056.png": 1.0, "1058.png": 1.0, "1060.png": 1.0001999735832214, "1067.png": 1.0, "1069.png": 1.1899999976158142, "107.png": 1.0, "1074.png": 1.0, "1076.png": 1.0, "1080.png": 1.0, "1084.png": 1.0, "1116.png": 1.0, "1121.png": 1.0, "1125.png": 1.0, "1128.png": 1.1190000176429749, "1129.png": 1.0, "1130.png": 1.0, "1132.png": 1.0, "1133.png": 1.0, "1134.png": 1.0, "1138.png": 1.0, "1140.png": 1.0117999911308289, "1142.png": 1.0, "1143.png": 1.0, "1145.png": 1.0, "1149.png": 1.0, "1154.png": 1.0, "1156.png": 1.0, "1163.png": 1.0, "1164.png": 1.0, "1165.png": 1.0, "1166.png": 1.0, "1169.png": 1.0, "1171.png": 1.0, "1174.png": 1.0, "1175.png": 1.0, "1178.png": 1.0, "1179.png": 1.0, "118.png": 1.0, "1183.png": 1.0, "1196.png": 1.0, "1198.png": 1.0, "1199.png": 1.0, "1200.png": 1.0001999735832214, "1201.png": 1.0, "1203.png": 1.0, "1204.png": 1.007200002670288, "1205.png": 1.0, "1206.png": 1.0, "1207.png": 1.0, "1210.png": 1.0, "1212.png": 1.0051999688148499, "1213.png": 1.0, "1214.png": 1.0, "1223.png": 1.013200044631958, "1226.png": 1.0, "1227.png": 1.0, "1230.png": 1.0, "1233.png": 1.0, "1234.png": 1.0, "1235.png": 1.0, "1236.png": 1.0, "1238.png": 1.0, "1240.png": 1.0, "1242.png": 1.0, "1250.png": 1.0013999938964844, "1251.png": 1.0, "1254.png": 1.0, "1263.png": 1.0, "1266.png": 1.0001999735832214, "1271.png": 1.0, "1272.png": 1.0, "1273.png": 1.0032000541687012, "1274.png": 1.0, "1275.png": 1.0, "1276.png": 1.0, "1277.png": 1.0, "1279.png": 1.0, "1280.png": 1.0, "1283.png": 1.0, "1284.png": 1.0, "1285.png": 1.1960000395774841, "1291.png": 1.0, "1294.png": 1.0, "1295.png": 1.0, "1297.png": 1.0, "1298.png": 1.0, "1299.png": 1.0, "130.png": 1.0, "1300.png": 1.0, "1301.png": 1.0022000074386597, "1302.png": 1.1348000168800354, "1306.png": 1.0, "1308.png": 1.0, "1309.png": 1.0, "1310.png": 1.0, "1311.png": 1.0, "1313.png": 1.0, "1314.png": 1.0045999884605408, "1317.png": 1.0, "1318.png": 1.0, "1323.png": 1.0, "1324.png": 1.0, "1325.png": 1.0, "1327.png": 1.0, "1329.png": 1.0, "1330.png": 1.0, "1333.png": 1.0, "1335.png": 1.0, "1336.png": 1.0, "1337.png": 1.0, "1339.png": 1.1178000569343567, "134.png": 1.0, "1345.png": 1.1191999912261963, "1346.png": 1.0, "1351.png": 1.0306000113487244, "1361.png": 1.0, "1364.png": 1.0, "1365.png": 1.0, "1368.png": 1.0008000135421753, "1370.png": 1.0, "1381.png": 1.0, "1385.png": 1.073799967765808, "139.png": 1.0, "1391.png": 1.0, "1393.png": 1.001800000667572, "1394.png": 1.0, "1395.png": 1.0, "1399.png": 1.0, "14.png": 1.0, "1400.png": 1.0, "1405.png": 1.0020000338554382, "1410.png": 1.0004000067710876, "1412.png": 1.0, "1413.png": 1.0, "1418.png": 1.0, "1419.png": 1.0, "1429.png": 1.0, "1436.png": 1.0, "1438.png": 1.0, "144.png": 1.0, "1444.png": 1.0, "145.png": 1.0, "1456.png": 1.0, "1458.png": 1.0, "1462.png": 1.0, "1464.png": 1.0, "1465.png": 1.0, "1470.png": 1.0, "1492.png": 1.0, "1493.png": 1.022000014781952, "15.png": 1.0, "150.png": 1.0, "1501.png": 1.0, "1504.png": 1.0, "1515.png": 1.0, "1517.png": 1.5, "1526.png": 1.0008000135421753, "1535.png": 1.0, "1536.png": 1.0, "1543.png": 1.0, "1557.png": 1.0, "1559.png": 1.0, "1564.png": 1.0, "1567.png": 1.0, "1574.png": 1.0, "1575.png": 1.0, "1577.png": 1.0, "1583.png": 1.0, "1584.png": 1.0, "1591.png": 1.0, "1600.png": 1.0, "1602.png": 1.0, "1607.png": 1.0, "1611.png": 1.0, "1612.png": 1.0, "1619.png": 1.0067999958992004, "164.png": 1.106000006198883, "1652.png": 1.0022000074386597, "1656.png": 1.0, "1661.png": 1.0, "1663.png": 1.0028000473976135, "1665.png": 1.0, "1667.png": 1.0, "167.png": 1.0, "1673.png": 1.0, "1674.png": 1.0, "1676.png": 1.0, "1682.png": 1.0108000040054321, "1686.png": 1.0, "1687.png": 1.0, "1689.png": 1.0, "1692.png": 1.0, "1696.png": 1.0, "1702.png": 1.0, "1714.png": 1.0, "172.png": 1.0, "1720.png": 1.1518000364303589, "1721.png": 1.0049999952316284, "1724.png": 1.0, "1726.png": 1.0, "1736.png": 1.0, "1737.png": 1.0, "1739.png": 1.0, "175.png": 1.0, "1750.png": 1.0, "1756.png": 1.0001999735832214, "1758.png": 1.0, "1761.png": 1.0, "1767.png": 1.0279999375343323, "1775.png": 1.0, "1784.png": 1.0, "1812.png": 1.0, "1820.png": 1.0, "1825.png": 1.0001999735832214, "1832.png": 1.0, "1836.png": 1.0, "1844.png": 1.2851999998092651, "1853.png": 1.0, "1856.png": 1.0, "1857.png": 1.0, "1858.png": 1.0306000113487244, "1861.png": 1.2380000352859497, "1863.png": 1.0, "1865.png": 1.0799999833106995, "1867.png": 1.0, "187.png": 1.0, "1875.png": 1.0, "188.png": 1.0311999917030334, "1885.png": 1.0, "1886.png": 1.0, "1887.png": 1.0372000336647034, "1889.png": 1.0, "1892.png": 1.0, "1899.png": 1.0, "190.png": 1.0, "1900.png": 1.0, "1901.png": 1.0, "1902.png": 1.0, "1904.png": 1.0, "1912.png": 1.0, "1914.png": 1.0, "1920.png": 1.014400064945221, "1939.png": 1.0, "1942.png": 1.0, "1944.png": 1.0, "1946.png": 1.0, "1980.png": 1.0, "1981.png": 1.0, "1982.png": 1.0, "199.png": 1.0, "1995.png": 1.0004000067710876, "1996.png": 1.0266000032424927, "2008.png": 1.0, "2011.png": 1.0, "2015.png": 1.0001999735832214, "2017.png": 1.0, "2023.png": 1.046400010585785, "2051.png": 1.018399953842163, "2055.png": 1.0, "2056.png": 1.0, "2058.png": 1.0, "2073.png": 1.0, "2075.png": 1.0, "2077.png": 1.0, "2086.png": 1.0, "2088.png": 1.0, "2093.png": 1.012000024318695, "2094.png": 1.0, "2100.png": 1.0, "2101.png": 1.0, "2107.png": 1.0, "2114.png": 1.0, "213.png": 1.0, "2135.png": 1.0, "2136.png": 1.0, "214.png": 1.0, "2150.png": 1.0, "2156.png": 1.0, "2175.png": 1.0, "2178.png": 1.1654000282287598, "218.png": 1.0, "219.png": 1.0, "2206.png": 1.0, "2214.png": 1.000599980354309, "2216.png": 1.0, "2217.png": 1.0, "2227.png": 1.0, "2228.png": 1.0666000247001648, "2229.png": 1.0, "2235.png": 1.0, "2244.png": 1.0, "2247.png": 1.0, "2251.png": 1.0070000290870667, "2253.png": 1.0, "2256.png": 1.0, "2268.png": 1.0, "2270.png": 1.0, "2272.png": 1.0, "2280.png": 1.0001999735832214, "2284.png": 1.0, "2291.png": 1.0, "2295.png": 1.0, "230.png": 1.0, "2300.png": 1.0, "2316.png": 1.0, "232.png": 1.0026000142097473, "2320.png": 1.0, "2323.png": 1.0, "2332.png": 1.0, "2336.png": 1.1627999544143677, "2338.png": 1.0, "2341.png": 1.0001999735832214, "2343.png": 1.0, "2345.png": 1.0, "2352.png": 1.0, "2353.png": 1.0, "2356.png": 1.0, "2358.png": 1.0, "2359.png": 1.0489999651908875, "2360.png": 1.0, "2366.png": 1.0, "2367.png": 1.0, "2378.png": 1.0, "2386.png": 1.0, "2387.png": 1.0, "2388.png": 1.0001999735832214, "2402.png": 1.0, "2403.png": 1.0, "2406.png": 1.0, "242.png": 1.0001999735832214, "2424.png": 1.0, "2436.png": 1.0, "2437.png": 1.0, "245.png": 1.0, "2450.png": 1.0, "2453.png": 1.0, "2456.png": 1.2067999839782715, "2457.png": 1.0, "2459.png": 1.0, "2476.png": 1.0, "2479.png": 1.0, "248.png": 1.0, "2482.png": 1.0, "2483.png": 1.0795999765396118, "2485.png": 1.0, "2488.png": 1.0, "2489.png": 1.0, "249.png": 1.0, "2493.png": 1.0, "2495.png": 1.5473999977111816, "250.png": 1.0, "252.png": 1.0, "2520.png": 1.0, "2522.png": 1.0, "2524.png": 1.0, "2531.png": 1.0, "2532.png": 1.0, "2534.png": 1.0, "2538.png": 1.0116000175476074, "2541.png": 1.0, "2545.png": 1.0, "2546.png": 1.0, "2548.png": 1.0001999735832214, "2549.png": 1.0, "255.png": 1.0, "2555.png": 1.0, "256.png": 1.0, "2569.png": 1.0, "257.png": 1.0, "2573.png": 1.0, "2575.png": 1.012000024318695, "2583.png": 1.0, "2590.png": 1.0, "2593.png": 1.0004000067710876, "2601.png": 1.0, "2609.png": 1.0, "2615.png": 1.0, "2617.png": 1.0, "2621.png": 1.0, "2622.png": 1.0, "2627.png": 1.187399983406067, "2629.png": 1.0, "263.png": 1.0, "2635.png": 1.0, "2639.png": 1.0, "2643.png": 1.0, "2644.png": 1.0, "2646.png": 1.064199984073639, "2650.png": 1.0, "2658.png": 1.0, "2663.png": 1.0, "2664.png": 1.0, "2669.png": 1.0, "2672.png": 1.0, "2676.png": 1.0, "2685.png": 1.0, "2686.png": 1.0, "2688.png": 1.0, "269.png": 1.0, "2690.png": 1.0, "2691.png": 1.1550000309944153, "2693.png": 1.0, "2694.png": 1.0, "2696.png": 1.0, "2697.png": 1.0,