{"1013.png": 0.0, "1016.png": 0.0, "1027.png": 0.5, "104.png": 1.0, "1041.png": 0.5, "1043.png": 0.0, "1056.png": 0.0, "1058.png": 0.0, "1060.png": 1.0, "1067.png": 0.0, "1069.png": 0.0, "107.png": 0.0, "1074.png": 0.0, "1076.png": 1.0, "1080.png": 0.0, "1084.png": 0.5, "1116.png": 0.0, "1121.png": 0.0, "1125.png": 0.0, "1128.png": 0.33333333333333337, "1129.png": 0.5, "1130.png": 0.0, "1132.png": 1.0, "1133.png": 0.25, "1134.png": 0.0, "1138.png": 1.0, "1140.png": 0.0, "1142.png": 0.0, "1143.png": 0.5, "1145.png": 1.0, "1149.png": 0.0, "1154.png": 0.0, "1156.png": 0.0, "1163.png": 0.5, "1164.png": 0.33333333333333337, "1165.png": 0.0, "1166.png": 1.0, "1169.png": 0.0, "1171.png": 0.0, "1174.png": 1.0, "1175.png": 1.0, "1178.png": 0.0, "1179.png": 0.5, "118.png": 0.0, "1183.png": 0.0, "1196.png": 0.0, "1198.png": 0.0, "1199.png": 0.0, "1200.png": 0.0, "1201.png": 0.0, "1203.png": 0.33333333333333337, "1204.png": 0.0, "1205.png": 0.0, "1206.png": 0.5, "1207.png": 0.8, "1210.png": 0.33333333333333337, "1212.png": 0.5, "1213.png": 0.0, "1214.png": 0.33333333333333337, "1223.png": 0.5, "1226.png": 0.0, "1227.png": 0.0, "1230.png": 0.5, "1233.png": 0.0, "1234.png": 0.0, "1235.png": 0.0, "1236.png": 0.0, "1238.png": 1.0, "1240.png": 0.5, "1242.png": 0.5, "1250.png": 0.0, "1251.png": 0.0, "1254.png": 0.0, "1263.png": 0.0, "1266.png": 0.0, "1271.png": 0.0, "1272.png": 0.0, "1273.png": 0.5, "1274.png": 0.0, "1275.png": 1.0, "1276.png": 0.33333333333333337, "1277.png": 0.33333333333333337, "1279.png": 0.0, "1280.png": 0.0, "1283.png": 0.0, "1284.png": 0.0, "1285.png": 0.0, "1291.png": 0.0, "1294.png": 0.0, "1295.png": 0.6666666666666667, "1297.png": 1.0, "1298.png": 0.5, "1299.png": 0.5, "130.png": 0.0, "1300.png": 0.0, "1301.png": 0.0, "1302.png": 1.0, "1306.png": 0.25, "1308.png": 1.0, "1309.png": 0.0, "1310.png": 0.0, "1311.png": 1.0, "1313.png": 1.0, "1314.png": 0.0, "1317.png": 0.75, "1318.png": 0.0, "1323.png": 1.0, "1324.png": 0.0, "1325.png": 0.0, "1327.png": 0.0, "1329.png": 0.0, "1330.png": 0.0, "1333.png": 0.0, "1335.png": 0.0, "1336.png": 0.0, "1337.png": 0.0, "1339.png": 0.0, "134.png": 0.0, "1345.png": 0.0, "1346.png": 0.0, "1351.png": 0.0, "1361.png": 0.0, "1364.png": 0.0, "1365.png": 0.0, "1368.png": 0.0, "1370.png": 0.0, "1381.png": 1.0, "1385.png": 1.0, "139.png": 0.0, "1391.png": 0.33333333333333337, "1393.png": 0.5, "1394.png": 0.0, "1395.png": 0.0, "1399.png": 0.0, "14.png": 0.33333333333333337, "1400.png": 0.25, "1405.png": 0.0, "1410.png": 0.0, "1412.png": 0.33333333333333337, "1413.png": 0.0, "1418.png": 0.0, "1419.png": 0.25, "1429.png": 0.5, "1436.png": 0.0, "1438.png": 0.0, "144.png": 0.0, "1444.png": 0.25, "145.png": 0.0, "1456.png": 0.0, "1458.png": 0.0, "1462.png": 0.0, "1464.png": 0.5, "1465.png": 0.0, "1470.png": 0.0, "1492.png": 0.0, "1493.png": 0.0, "15.png": 0.0, "150.png": 1.0, "1501.png": 0.0, "1504.png": 0.0, "1515.png": 0.5, "1517.png": 1.0, "1526.png": 0.5, "1535.png": 1.0, "1536.png": 1.0, "1543.png": 0.0, "1557.png": 0.4285714285714286, "1559.png": 0.0, "1564.png": 0.0, "1567.png": 0.0, "1574.png": 1.0, "1575.png": 1.0, "1577.png": 0.5, "1583.png": 1.0, "1584.png": 0.6666666666666667, "1591.png": 0.0, "1600.png": 0.33333333333333337, "1602.png": 0.5, "1607.png": 0.0, "1611.png": 1.0, "1612.png": 0.33333333333333337, "1619.png": 0.5, "164.png": 1.0, "1652.png": 0.5, "1656.png": 0.0, "1661.png": 0.6666666666666667, "1663.png": 0.0, "1665.png": 0.0, "1667.png": 1.0, "167.png": 0.0, "1673.png": 1.0, "1674.png": 1.0, "1676.png": 0.0, "1682.png": 0.0, "1686.png": 0.0, "1687.png": 0.5, "1689.png": 0.0, "1692.png": 0.0, "1696.png": 0.0, "1702.png": 1.0, "1714.png": 0.5, "172.png": 0.0, "1720.png": 0.0, "1721.png": 0.0, "1724.png": 0.0, "1726.png": 0.0, "1736.png": 1.0, "1737.png": 0.6666666666666667, "1739.png": 0.0, "175.png": 0.6666666666666667, "1750.png": 0.5, "1756.png": 1.0, "1758.png": 0.0, "1761.png": 0.0, "1767.png": 1.0, "1775.png": 0.0, "1784.png": 0.0, "1812.png": 0.0, "1820.png": 0.0, "1825.png": 0.0, "1832.png": 0.0, "1836.png": 0.5, "1844.png": 0.0, "1853.png": 0.33333333333333337, "1856.png": 1.0, "1857.png": 0.0, "1858.png": 0.0, "1861.png": 0.5, "1863.png": 0.0, "1865.png": 0.0, "1867.png": 1.0, "187.png": 0.5, "1875.png": 0.5, "188.png": 0.0, "1885.png": 1.0, "1886.png": 1.0, "1887.png": 0.0, "1889.png": 0.0, "1892.png": 0.5, "1899.png": 0.5, "190.png": 0.0, "1900.png": 0.0, "1901.png": 1.0, "1902.png": 0.0, "1904.png": 0.6666666666666667, "1912.png": 0.33333333333333337, "1914.png": 0.0, "1920.png": 0.0, "1939.png": 0.5, "1942.png": 0.5, "1944.png": 0.0, "1946.png": 0.16666666666666663, "1980.png": 0.0, "1981.png": 0.0, "1982.png": 0.33333333333333337, "199.png": 1.0, "1995.png": 0.0, "1996.png": 0.33333333333333337, "2008.png": 0.5, "2011.png": 0.0, "2015.png": 0.0, "2017.png": 0.5, "2023.png": 0.0, "2051.png": 1.0, "2055.png": 0.0, "2056.png": 0.0, "2058.png": 0.0, "2073.png": 1.0, "2075.png": 1.0, "2077.png": 0.0, "2086.png": 0.0, "2088.png": 0.0, "2093.png": 0.0, "2094.png": 0.5, "2100.png": 1.0, "2101.png": 1.0, "2107.png": 0.0, "2114.png": 1.0, "213.png": 0.5, "2135.png": 0.19999999999999996, "2136.png": 0.0, "214.png": 0.0, "2150.png": 0.0, "2156.png": 0.0, "2175.png": 0.0, "2178.png": 1.0, "218.png": 0.0, "219.png": 1.0, "2206.png": 0.0, "2214.png": 1.0, "2216.png": 0.0, "2217.png": 0.6666666666666667, "2227.png": 0.0, "2228.png": 1.0, "2229.png": 0.0, "2235.png": 0.0, "2244.png": 0.0, "2247.png": 0.0, "2251.png": 0.5, "2253.png": 0.0, "2256.png": 1.0, "2268.png": 0.0, "2270.png": 0.5, "2272.png": 0.25, "2280.png": 1.0, "2284.png": 0.5, "2291.png": 0.0, "2295.png": 0.0, "230.png": 1.0, "2300.png": 0.6666666666666667, "2316.png": 0.0, "232.png": 0.0, "2320.png": 1.0, "2323.png": 0.0, "2332.png": 0.0, "2336.png": 0.0, "2338.png": 0.0, "2341.png": 0.0, "2343.png": 0.33333333333333337, "2345.png": 1.0, "2352.png": 0.5, "2353.png": 0.0, "2356.png": 0.5, "2358.png": 0.0, "2359.png": 0.5, "2360.png": 0.25, "2366.png": 0.6666666666666667, "2367.png": 0.0, "2378.png": 0.16666666666666663, "2386.png": 0.0, "2387.png": 0.0, "2388.png": 0.5, "2402.png": 1.0, "2403.png": 0.0, "2406.png": 0.5, "242.png": 0.0, "2424.png": 0.0, "2436.png": 0.33333333333333337, "2437.png": 0.0, "245.png": 0.0, "2450.png": 0.0, "2453.png": 0.0, "2456.png": 0.5, "2457.png": 0.0, "2459.png": 1.0, "2476.png": 0.0, "2479.png": 0.0, "248.png": 0.33333333333333337, "2482.png": 0.0, "2483.png": 0.0, "2485.png": 0.0, "2488.png": 0.0, "2489.png": 0.0, "249.png": 1.0, "2493.png": 1.0, "2495.png": 0.0, "250.png": 0.0, "252.png": 0.25, "2520.png": 0.5, "2522.png": 0.5, "2524.png": 0.5, "2531.png": 0.0, "2532.png": 0.0, "2534.png": 0.0, "2538.png": 0.0, "2541.png": 0.0, "2545.png": 0.0, "2546.png": 0.6666666666666667, "2548.png": 0.0, "2549.png": 0.33333333333333337, "255.png": 1.0, "2555.png": 0.5, "256.png": 0.0, "2569.png": 0.0, "257.png": 0.33333333333333337, "2573.png": 0.0, "2575.png": 0.0, "2583.png": 0.0, "2590.png": 0.0, "2593.png": 0.5, "2601.png": 0.0, "2609.png": 1.0, "2615.png": 0.0, "2617.png": 0.0, "2621.png": 0.5, "2622.png": 0.0, "2627.png": 0.0, "2629.png": 0.0, "263.png": 1.0, "2635.png": 0.5, "2639.png": 0.0, "2643.png": 0.0, "2644.png": 0.5, "2646.png": 0.4, "2650.png": 0.0, "2658.png": 0.0, "2663.png": 0.0, "2664.png": 0.0, "2669.png": 0.6666666666666667, "2672.png": 0.5, "2676.png": 0.0, "2685.png": 0.0, "2686.png": 0.0, "2688.png": 0.0, "269.png": 0.5, "2690.png": 0.0, "2691.png": 0.0, "2693.png": 0.5, "2694.png": 0.0, "2696.png": 0.0, "2697.png": 0.5, "2698.png": 0.0, "27.png": 1.0, "2701.png": 0.0, "2728.png": 0.0, "2730.png": 0.0, "2756.png": 0.0, "2762.png": 0.25, "2764.png": 1.0, "2765.png": 0.0, "2773.png": 0.0, "278.png": 1.0, "2790.png": 0.0, "2799.png": 0.33333333333333337, "2803.png": 0.0, "2804.png": 0.75, "2812.png": 0.0, "2822.png": 0.0, "283.png": 0.0, "2831.png": 0.0, "2841.png": 0.0, "2847.png": 0.0, "2855.png": 0.0, "2860.png": 0.0, "2870.png": 1.0, "2871.png": 0.0, "2873.png": 0.0, "2878.png": 0.0,